{"cameraMode":{"drawMode":0,"name":"Shaded","section":"Shading Mode"},"sceneLighting":false,"audioPlay":false,"sceneViewState":{"showFog":true,"showMaterialUpdate":false,"showSkybox":false,"showFlares":true,"showImageEffects":true,"showParticleSystems":true},"in2DMode":false,"pivot":{"x":21.565608978271486,"y":12.056215286254883,"z":88.54010009765625},"rotation":{"x":0.025183601304888727,"y":-0.018895287066698076,"z":-0.0004695512179750949,"w":-0.9995144009590149},"size":228.89630126953126,"orthographic":false}