{"cameraMode":{"drawMode":0,"name":"Shaded","section":"Shading Mode"},"sceneLighting":false,"audioPlay":false,"sceneViewState":{"showFog":true,"showMaterialUpdate":false,"showSkybox":false,"showFlares":true,"showImageEffects":true,"showParticleSystems":true},"in2DMode":false,"pivot":{"x":1.693703293800354,"y":-0.9341132640838623,"z":0.2548828125},"rotation":{"x":-0.00923281442373991,"y":-0.1280456781387329,"z":0.001192708732560277,"w":-0.9917282462120056},"size":6.916988372802734,"orthographic":false}