{"cameraMode":{"drawMode":0,"name":"Shaded","section":"Shading Mode"},"sceneLighting":false,"audioPlay":false,"sceneViewState":{"showFog":true,"showMaterialUpdate":false,"showSkybox":false,"showFlares":true,"showImageEffects":true,"showParticleSystems":true},"in2DMode":false,"pivot":{"x":-0.19999998807907105,"y":0.07999992370605469,"z":0.0},"rotation":{"x":0.12668776512145997,"y":-0.05060547590255737,"z":-0.006454970221966505,"w":-0.9906688928604126},"size":2.4073948860168459,"orthographic":false}