{"cameraMode":{"drawMode":0,"name":"Shaded","section":"Shading Mode"},"sceneLighting":false,"audioPlay":false,"sceneViewState":{"showFog":true,"showMaterialUpdate":false,"showSkybox":false,"showFlares":true,"showImageEffects":true,"showParticleSystems":true},"in2DMode":false,"pivot":{"x":0.8799999952316284,"y":-0.08000001311302185,"z":0.0},"rotation":{"x":0.0028550010174512865,"y":0.994662344455719,"z":-0.09910564869642258,"w":0.028654800727963449},"size":1.417603611946106,"orthographic":false}