{"cameraMode":{"drawMode":0,"name":"Shaded","section":"Shading Mode"},"sceneLighting":false,"audioPlay":false,"sceneViewState":{"showFog":true,"showMaterialUpdate":false,"showSkybox":false,"showFlares":true,"showImageEffects":true,"showParticleSystems":true},"in2DMode":false,"pivot":{"x":0.9671993255615234,"y":-2.1287753582000734,"z":0.4805412292480469},"rotation":{"x":0.19111986458301545,"y":0.008829456754028798,"z":-0.001719580264762044,"w":0.9815306663513184},"size":26.049760818481447,"orthographic":false}